{"ingroup": [[53, 80, 0.6666666666666666, 0], [80, 96, 0.8, 0], [234, 242, 0.2, 0], [412, 457, 0.29500000000000004, 0], [457, 464, 0.8, 0], [464, 492, 0.4, 0], [532, 551, 0.3166666666666667, 0], [624, 645, 0.1, 0], [680, 711, 0.125, 0], [740, 764, 0.125, 0], [847, 862, 0.5, 0], [889, 905, 0.0125, 0], [1018, 1045, 0.5, 0], [1045, 1064, 0.425, 0], [1303, 1321, 0.25, 0], [1479, 1492, 0.8, 0], [1561, 1588, 0.011904761904761904, 0], [1806, 1839, 0.14166666666666666, 0], [1899, 1920, 0.18333333333333335, 0], [2064, 2082, 0.3333333333333333, 0], [2099, 2119, 1.0, 0], [2653, 2674, 0.4232323232323232, 0], [2674, 2705, 0.13636363636363635, 0], [2777, 2810, 0.19166666666666665, 0], [3053, 3071, 0.8, 0]], "outgroup": [[510, 532, -0.1875, 0], [606, 624, -0.07692307692307693, 0], [711, 740, -0.1, 0], [1244, 1254, -0.8, 0], [1363, 1383, -0.9, 0], [1600, 1619, -0.125, 0], [2631, 2653, -0.06666666666666667, 0], [3028, 3053, -0.1, 0]]}